userName,password
lee01,1234
lee02,1234
lee03,1234
lee04,1234
lee05,1234
lee06,1234
lee07,1234
lee08,1234
lee09,1234
lee10,1234
lee11,1234
lee12,1234
lee13,1234
lee14,1234
lee15,1234
lee16,1234
lee17,1234
lee18,1234
lee19,1234
lee20,1234
lee21,1234
lee22,1234
lee23,1234
lee24,1234
lee25,1234
lee26,1234
lee27,1234
lee28,1234
lee29,1234
lee30,1234
lee31,1234
lee32,1234
lee33,1234
lee34,1234
lee35,1234
lee36,1234
lee37,1234
lee38,1234
lee39,1234
lee40,1234
lee41,1234
lee42,1234
lee43,1234
lee44,1234
lee45,1234
lee46,1234
lee47,1234
lee48,1234
lee49,1234
lee50,1234
lee51,1234
lee52,1234
lee53,1234
lee54,1234
lee55,1234
lee56,1234
lee57,1234
lee58,1234
lee59,1234
lee60,1234
lee61,1234
lee62,1234
lee63,1234
lee64,1234
lee65,1234
lee66,1234
lee67,1234
lee68,1234
lee69,1234
lee70,1234
lee71,1234
lee72,1234
lee73,1234
lee74,1234
lee75,1234
lee76,1234
lee77,1234
lee78,1234
lee79,1234
lee80,1234
lee81,1234
lee82,1234
lee83,1234
lee84,1234
lee85,1234
lee86,1234
lee87,1234
lee88,1234
